{"schemaVersion":"1.0","appDefinitionTemplate":{"id":"/providers/Microsoft.PowerApps/apps/","type":"Microsoft.PowerApps/apps","tags":{"primaryDeviceWidth":"1920","primaryDeviceHeight":"915","sienaVersion":"20211026T171552Z-3.21101.26.0","deviceCapabilities":"","supportsPortrait":"false","supportsLandscape":"true","primaryFormFactor":"Tablet","publisherVersion":"3.21101.26","minimumRequiredApiVersion":"2.2.0","hasComponent":"true","hasUnlockedComponent":"true","isUnifiedRootApp":"false"},"properties":{"appVersion":"2021-10-26T17:15:52Z","lifeCycleId":"Published","createdByClientVersion":{"major":3,"minor":21101,"build":26,"revision":0,"majorRevision":0,"minorRevision":0},"minClientVersion":{"major":3,"minor":21101,"build":26,"revision":0,"majorRevision":0,"minorRevision":0},"backgroundColor":"rgba(255, 255, 255, 1)","backgroundImageUri":"/5931042934863022249/Nd89962bc-483a-45b7-a849-c790ecb82919-logoSmallFile","displayName":"Wonderful Citrus Way","description":"","commitMessage":"","appUris":{"documentUri":{"value":"/5931042934863022249/Ncd5f4293-038d-45fa-8c8c-81c8437640c3-document.msapp"},"imageUris":[]},"createdTime":"0001-01-01T00:00:00Z","lastModifiedTime":"0001-01-01T00:00:00Z","sharedGroupsCount":0,"sharedUsersCount":0,"icons":{"smallIconUri":"/5931042934863022249/N04663c23-5626-4613-aba9-f87fcd797f75-small.png","mediumIconUri":"/5931042934863022249/N3fe7af89-d5d3-4aa4-be90-587f3ac9e5b0-medium.png","largeIconUri":"/5931042934863022249/Ne1bc5748-88a9-4767-88c9-6c8c21e456a9-large.png","wideIconUri":"/5931042934863022249/N52f90493-3616-4454-b215-292e6b3f8f4c-wide.png"},"connectionReferences":{"b8176ae3-7d4b-4091-9847-db5d59752df0":{"id":"27987d22-f7c9-4912-a918-945724d1485b","displayName":"SharePoint","iconUri":"https://connectoricons-prod.azureedge.net/releases/v1.0.1518/1.0.1518.2564/sharepointonline/icon.png","dataSources":["WCW_3W","WCW_Changepoint","WCW_Major Initiative","WCW_Methods","WCW_Pictures"],"dependencies":[],"dependents":[],"parameterHints":{},"parameterHintsV2":{},"isOnPremiseConnection":false,"bypassConsent":false,"dataSets":{"https://wonderfulco.sharepoint.com/sites/CitrusBI":{"dataSources":{"WCW_3W":{"tableName":"8be64a99-680a-45f5-a306-e61ddbc41d77"},"WCW_Changepoint":{"tableName":"8c338b6d-da4c-46d8-aa68-24724a9b37fe"},"WCW_Major Initiative":{"tableName":"13f0b99f-2139-4fed-9506-80ed43df2db4"},"WCW_Methods":{"tableName":"9f3024e0-6076-4398-b23f-29eb7636c340"},"WCW_Pictures":{"tableName":"129dfeea-8b4a-4cbc-b64b-2aaf46dfe5be"}}}},"apiTier":"Standard","isCustomApiConnection":false,"actions":["providers/PowerPlatform.Governance/Operations/Read","providers/PowerPlatform.Governance/Operations/Write","providers/PowerPlatform.Governance/Operations/Delete"]},"48881bd7-590d-4ffd-b256-f47cfcb55591":{"id":"9358f212-5780-4fe0-92e3-c34f5d677789","displayName":"Office 365 Users","iconUri":"https://connectoricons-prod.azureedge.net/releases/v1.0.1528/1.0.1528.2589/office365users/icon.png","dataSources":["Office365Users"],"dependencies":[],"dependents":[],"parameterHints":{},"parameterHintsV2":{},"isOnPremiseConnection":false,"bypassConsent":false,"dataSets":{},"apiTier":"Standard","isCustomApiConnection":false,"actions":["UserPhotoMetadata","UserPhoto","UserProfile","UserPhotoV2"]}},"databaseReferences":{},"almMode":"Environment","performanceOptimizationEnabled":true,"canConsumeAppPass":true,"executionRestrictions":{"isTeamsOnly":false,"dataLossPreventionEvaluationResult":{"status":"Compliant","lastEvaluationDate":"2021-08-27T17:55:32.5700513Z","violations":[],"violationsByPolicy":[],"violationErrorMessage":"The app uses the following connectors: shared_sharepointonline, shared_office365users."}}},"appType":"ClassicCanvasApp","appComponents":[]}}